"Power_level";"Section";"Class";"Energy"
"LV-a";"A";"01.11";897704851
"LV-a";"A";"01.13";92276338
"LV-a";"A";"01.19";25942559
"LV-a";"A";"01.21";262699786
"LV-a";"A";"01.24";77115978
"LV-a";"A";"01.25";5233595
"LV-a";"A";"01.29";1796706
"LV-a";"A";"01.41";732070198
"LV-a";"A";"01.42";494112869
"LV-a";"A";"01.43";35519407
"LV-a";"A";"01.45";115934879
"LV-a";"A";"01.46";114319330
"LV-a";"A";"01.47";138801720
"LV-a";"A";"01.49";40563763
"LV-a";"A";"01.5";392602292
"LV-a";"A";"01.61";52731799
"LV-a";"A";"01.62";11362114
"LV-a";"A";"02.10";4639963
"LV-a";"B";"5/6/7/8";9780672
"LV-a";"C";"10.1";81731689
"LV-a";"C";"10.3";5494470
"LV-a";"C";"10.4";1060616
"LV-a";"C";"10.5";18302767
"LV-a";"C";"10.71";669137466
"LV-a";"C";"10.89";5720361
"LV-a";"C";"10.9";2057140
"LV-a";"C";"11.01";4667387
"LV-a";"C";"11.02";10036132
"LV-a";"C";"32";72153179
"LV-a";"C";"13.2/13.3";1477079
"LV-a";"C";"13.9";12126709
"LV-a";"C";"14.1";24941223
"LV-a";"C";"15";7877210
"LV-a";"C";"16.2";17062435
"LV-a";"C";"17.12";828618
"LV-a";"C";"18.1";41569389
"LV-a";"D";"35";65037415
"LV-a";"C";"20.13";862333
"LV-a";"C";"20.30";2447621
"LV-a";"C";"20.59";1885810
"LV-a";"C";"22.2";14087968
"LV-a";"C";"23.11";47613
"LV-a";"C";"23.19";1465650
"LV-a";"C";"23.4/23.3";5419858
"LV-a";"C";"25.12";10042721
"LV-a";"C";"25.50";4598590
"LV-a";"C";"25.61";6794726
"LV-a";"C";"25.62";28348350
"LV-a";"C";"25.7";8137138
"LV-a";"C";"25.99";5871917
"LV-a";"C";"26.40";1476333
"LV-a";"C";"26.5";9092568
"LV-a";"C";"27.1";6359194
"LV-a";"C";"27.40";3710262
"LV-a";"C";"27.90";2749212
"LV-a";"C";"28.4";2111118
"LV-a";"C";"31.01";2989763
"LV-a";"C";"31.03";1017365
"LV-a";"C";"33.12";37124174
"LV-a";"C";"33.17/33.16/33.15";481292
"LV-a";"E";"36";178002897
"LV-a";"E";"38";46293951
"LV-a";"F";"41.10";108400263
"LV-a";"F";"41.20";80122216
"LV-a";"F";"42.12";2352247
"LV-a";"F";"42.22";14745455
"LV-a";"F";"42.99";22393446
"LV-a";"F";"43.11";3237993
"LV-a";"F";"43.12";52689464
"LV-a";"F";"43.21";101721908
"LV-a";"F";"43.22";90651461
"LV-a";"F";"43.29";24718176
"LV-a";"F";"43.31";16933577
"LV-a";"F";"43.32";169951298
"LV-a";"F";"43.33";20671155
"LV-a";"F";"43.34";49020108
"LV-a";"F";"43.39";9799378
"LV-a";"F";"43.91";44250633
"LV-a";"F";"43.99";145852877
"LV-a";"G";"45.11";168110363
"LV-a";"G";"45.19";7491876
"LV-a";"G";"45.20";384094030
"LV-a";"G";"45.31";34805332
"LV-a";"G";"45.32";45150133
"LV-a";"G";"45.40";38565172
"LV-a";"G";"46.11";1678408
"LV-a";"G";"46.12";902774
"LV-a";"G";"46.15";1398880
"LV-a";"G";"46.16";2631144
"LV-a";"G";"46.18";13456644
"LV-a";"G";"46.19";18455711
"LV-a";"G";"46.21";28062226
"LV-a";"G";"46.23";11257676
"LV-a";"G";"46.31";26575677
"LV-a";"G";"46.32";10317674
"LV-a";"G";"46.34";35848211
"LV-a";"G";"46.38";27697723
"LV-a";"G";"46.39";21981842
"LV-a";"G";"46.41";9520057
"LV-a";"G";"46.42";36796970
"LV-a";"G";"46.43";8496867
"LV-a";"G";"46.46";16653500
"LV-a";"G";"46.49";48737856
"LV-a";"G";"46.51";21690455
"LV-a";"G";"46.52";16499787
"LV-a";"G";"46.61";50891898
"LV-a";"G";"46.65";3011241
"LV-a";"G";"46.66";12675027
"LV-a";"G";"46.69";115349855
"LV-a";"G";"46.73";104565431
"LV-a";"G";"46.74";37823249
"LV-a";"G";"46.75";15364313
"LV-a";"G";"46.76";8503072
"LV-a";"G";"46.77";3617594
"LV-a";"G";"46.90";35560538
"LV-a";"G";"47.11";419071230
"LV-a";"G";"47.21";58634544
"LV-a";"G";"47.22";277955165
"LV-a";"G";"47.23";30771302
"LV-a";"G";"47.24";55136456
"LV-a";"G";"47.25";41937160
"LV-a";"G";"47.26";54517648
"LV-a";"G";"47.29";113977057
"LV-a";"G";"47.30";37357219
"LV-a";"G";"47.41";18825334
"LV-a";"G";"47.42";97746552
"LV-a";"G";"47.51";24909913
"LV-a";"G";"47.52";62045315
"LV-a";"G";"47.53";5599616
"LV-a";"G";"47.54";27422120
"LV-a";"G";"47.59";131704969
"LV-a";"G";"47.61";19967931
"LV-a";"G";"47.62";72970965
"LV-a";"G";"47.64";78820882
"LV-a";"G";"47.71";357807351
"LV-a";"G";"47.72";86305736
"LV-a";"G";"47.73";335426220
"LV-a";"G";"47.74";35318296
"LV-a";"G";"47.75";59376002
"LV-a";"G";"47.76";100742335
"LV-a";"G";"47.77";49756515
"LV-a";"G";"47.78";298306606
"LV-a";"G";"47.79";36515085
"LV-a";"G";"47.81";54489717
"LV-a";"G";"47.82";3512822
"LV-a";"G";"47.89";15324099
"LV-a";"G";"47.91";21594858
"LV-a";"G";"47.99";23271127
"LV-a";"H";"49.10";66030192
"LV-a";"H";"49.20";19268878
"LV-a";"H";"49.32";9487674
"LV-a";"H";"49.39";34697649
"LV-a";"H";"49.41";103830425
"LV-a";"H";"49.42";9118027
"LV-a";"H";"52.10";19555397
"LV-a";"H";"52.21";38345462
"LV-a";"H";"52.24";2336327
"LV-a";"H";"52.29";28691294
"LV-a";"H";"53.10";119122442
"LV-a";"I";"55.10";292455096
"LV-a";"I";"55.20";126605319
"LV-a";"I";"55.30";59934229
"LV-a";"I";"55.90";22685730
"LV-a";"I";"56.10";2346480568
"LV-a";"I";"56.21";53893466
"LV-a";"I";"56.29";9747627
"LV-a";"I";"56.30";484620901
"LV-a";"J";"58.11";5678950
"LV-a";"J";"58.13";7051128
"LV-a";"J";"58.14";8410546
"LV-a";"J";"58.29";24983664
"LV-a";"J";"59.11";23806250
"LV-a";"J";"59.12";8659848
"LV-a";"J";"60.10";10024615
"LV-a";"J";"61.10";628262962
"LV-a";"J";"61.20";388207970
"LV-a";"J";"61.90";65125985
"LV-a";"J";"62.01";38111564
"LV-a";"J";"62.02";67271076
"LV-a";"J";"62.09";5649741
"LV-a";"J";"63.11";12988198
"LV-a";"J";"63.12";2250373
"LV-a";"J";"63.91";1806595
"LV-a";"K";"64.19";257760336
"LV-a";"K";"64.20";128267568
"LV-a";"K";"64.30";13834585
"LV-a";"K";"64.92";6198391
"LV-a";"K";"65.11";4104196
"LV-a";"K";"65.12";77106825
"LV-a";"K";"66.19";97862073
"LV-a";"K";"66.22";99065154
"LV-a";"K";"66.30";10601216
"LV-a";"L";"68.10";51500048
"LV-a";"L";"68.20";2631417119
"LV-a";"L";"68.31";554816541
"LV-a";"L";"68.32";1762445021
"LV-a";"M";"69.10";176246521
"LV-a";"M";"69.20";137158204
"LV-a";"M";"70.10";560056170
"LV-a";"M";"70.21";10229814
"LV-a";"M";"70.22";99263940
"LV-a";"M";"71.11";63309255
"LV-a";"M";"71.12";140204893
"LV-a";"M";"71.20";71359392
"LV-a";"M";"72.19";11056388
"LV-a";"M";"73.11";42000040
"LV-a";"M";"73.12";13679021
"LV-a";"M";"73.20";5287747
"LV-a";"M";"74.10";12498095
"LV-a";"M";"74.20";19813651
"LV-a";"M";"74.30";10140220
"LV-a";"M";"74.90";20255530
"LV-a";"M";"75.00";72300388
"LV-a";"N";"77.11";14917549
"LV-a";"N";"77.22";442863
"LV-a";"N";"77.29";15130667
"LV-a";"N";"77.32";29102295
"LV-a";"N";"77.33";1579623
"LV-a";"N";"77.39";20254396
"LV-a";"N";"78.10";3154636
"LV-a";"N";"78.20";47038012
"LV-a";"N";"78.30";7530418
"LV-a";"N";"79.11";32416123
"LV-a";"N";"79.12";5024858
"LV-a";"N";"79.90";11812953
"LV-a";"N";"81.10";130808879
"LV-a";"N";"81.21";29188765
"LV-a";"N";"81.22";17995452
"LV-a";"N";"81.29";6968937
"LV-a";"N";"81.30";41995342
"LV-a";"N";"82.11";11180705
"LV-a";"N";"82.19";61828549
"LV-a";"N";"82.20";4365089
"LV-a";"N";"82.30";13420152
"LV-a";"N";"82.92";4341585
"LV-a";"N";"82.99";66864376
"LV-a";"O";"84.11";2355003151
"LV-a";"O";"84.12";25992871
"LV-a";"O";"84.13";62534662
"LV-a";"O";"84.25";54822659
"LV-a";"O";"84.30";21891924
"LV-a";"P";"85.10";12569320
"LV-a";"P";"85.20";69049611
"LV-a";"P";"85.31";32569672
"LV-a";"P";"85.32";14189859
"LV-a";"P";"85.42";12565459
"LV-a";"P";"85.51";62875132
"LV-a";"P";"85.52";7715277
"LV-a";"P";"85.53";41844952
"LV-a";"P";"85.59";84609884
"LV-a";"Q";"86.10";49993453
"LV-a";"Q";"86.21";134757441
"LV-a";"Q";"86.22";36894241
"LV-a";"Q";"86.23";120056998
"LV-a";"Q";"86.90";238452209
"LV-a";"Q";"87.10";33046141
"LV-a";"Q";"87.20";22021037
"LV-a";"Q";"87.30";11556168
"LV-a";"Q";"87.90";87816942
"LV-a";"Q";"88.10";65826159
"LV-a";"Q";"88.91";57395917
"LV-a";"Q";"88.99";126162025
"LV-a";"R";"90.01";19371450
"LV-a";"R";"90.02";13308031
"LV-a";"R";"90.03";23870463
"LV-a";"R";"91.02";1997373
"LV-a";"R";"91.03";11188297
"LV-a";"R";"93.11";38500105
"LV-a";"R";"93.12";43085919
"LV-a";"R";"93.19";13708759
"LV-a";"R";"93.29";57495533
"LV-a";"S";"94.20";9756742
"LV-a";"S";"94.91";95958434
"LV-a";"S";"94.99";188260813
"LV-a";"S";"95.11";10064332
"LV-a";"S";"95.21";4694007
"LV-a";"S";"95.22";6431044
"LV-a";"S";"95.23";10219418
"LV-a";"S";"95.24";3628462
"LV-a";"S";"95.29";15564830
"LV-a";"S";"96.01";72685238
"LV-a";"S";"96.02";499967545
"LV-a";"S";"96.03";41524409
"LV-a";"S";"96.04";28263823
"LV-a";"S";"96.09";43853718
"LV-a";"U";"99.00";8302474
"LV-b";"A";"01.11";498245565
"LV-b";"A";"01.13";154976476
"LV-b";"A";"01.21";200549487
"LV-b";"A";"01.24";76718322
"LV-b";"A";"01.25";5473189
"LV-b";"A";"01.28";885021
"LV-b";"A";"01.30";18476621
"LV-b";"A";"01.41";149618301
"LV-b";"A";"01.42";46769502
"LV-b";"A";"01.46";401341000
"LV-b";"A";"01.47";160226754
"LV-b";"A";"01.5";206894543
"LV-b";"A";"01.61";40171316
"LV-b";"A";"01.63";238063
"LV-b";"A";"02.10";1340434
"LV-b";"A";"02.20";10161657
"LV-b";"A";"02.40";2537582
"LV-b";"A";"03.21";26085771
"LV-b";"B";"5/6/7/8";27495442
"LV-b";"C";"10.1";208085226
"LV-b";"C";"10.5";102055218
"LV-b";"C";"10.61";13919837
"LV-b";"C";"10.71";1429107657
"LV-b";"C";"10.89";29656224
"LV-b";"C";"10.9";14964219
"LV-b";"C";"11.01";22501068
"LV-b";"C";"11.02";58128567
"LV-b";"C";"32";80071046
"LV-b";"C";"13.2/13.3";3333317
"LV-b";"C";"14.1";27789432
"LV-b";"C";"15";24178720
"LV-b";"C";"16.2";91324683
"LV-b";"C";"17.12";2256642
"LV-b";"C";"17.21";30139383
"LV-b";"C";"18.1";131167767
"LV-b";"D";"35";335529940
"LV-b";"C";"20.11";3363062
"LV-b";"C";"20.14";8640875
"LV-b";"C";"20.42";24411186
"LV-b";"C";"21.10";2217078
"LV-b";"C";"22.1";15050394
"LV-b";"C";"22.2";164442766
"LV-b";"C";"23.4/23.3";7074093
"LV-b";"C";"23.6";109241839
"LV-b";"C";"24.20";3619370
"LV-b";"C";"24.3";5785087
"LV-b";"C";"24.5";11975668
"LV-b";"C";"24.42";1284707
"LV-b";"C";"24.53";4584711
"LV-b";"C";"25.12";26746476
"LV-b";"C";"25.50";96281751
"LV-b";"C";"25.61";111177811
"LV-b";"C";"25.62";409489843
"LV-b";"C";"25.7";96810696
"LV-b";"C";"25.99";30873712
"LV-b";"C";"26.40";1589480
"LV-b";"C";"26.5";31986426
"LV-b";"C";"27.1";21779337
"LV-b";"C";"27.40";12951686
"LV-b";"C";"27.90";10585199
"LV-b";"C";"28.4";10231180
"LV-b";"C";"29.10";10446032
"LV-b";"C";"29.3";15993897
"LV-b";"C";"31.01";27122980
"LV-b";"C";"33.12";33695770
"LV-b";"E";"36";604259517
"LV-b";"E";"38";136035073
"LV-b";"F";"41.10";87964911
"LV-b";"F";"41.20";159352854
"LV-b";"F";"42.11";42224976
"LV-b";"F";"42.12";2655256
"LV-b";"F";"42.21";10969319
"LV-b";"F";"42.99";58100649
"LV-b";"F";"43.12";25534283
"LV-b";"F";"43.21";53110341
"LV-b";"F";"43.22";31316917
"LV-b";"F";"43.31";1880919
"LV-b";"F";"43.32";155745325
"LV-b";"F";"43.34";14681522
"LV-b";"F";"43.91";23675578
"LV-b";"F";"43.99";118053547
"LV-b";"G";"45.11";445306746
"LV-b";"G";"45.19";40133310
"LV-b";"G";"45.20";225385125
"LV-b";"G";"45.31";50454047
"LV-b";"G";"45.32";72162627
"LV-b";"G";"46.15";1352986
"LV-b";"G";"46.19";23418422
"LV-b";"G";"46.21";108831566
"LV-b";"G";"46.22";8200789
"LV-b";"G";"46.31";136051611
"LV-b";"G";"46.32";44390410
"LV-b";"G";"46.34";67465007
"LV-b";"G";"46.38";88703165
"LV-b";"G";"46.39";91167574
"LV-b";"G";"46.42";23287106
"LV-b";"G";"46.43";10945963
"LV-b";"G";"46.45";10734931
"LV-b";"G";"46.46";56764246
"LV-b";"G";"46.48";2312748
"LV-b";"G";"46.49";56864524
"LV-b";"G";"46.51";14632934
"LV-b";"G";"46.52";15238356
"LV-b";"G";"46.61";41996748
"LV-b";"G";"46.62";6744012
"LV-b";"G";"46.63";17924112
"LV-b";"G";"46.66";9643171
"LV-b";"G";"46.69";154374796
"LV-b";"G";"46.71";44552292
"LV-b";"G";"46.72";26058817
"LV-b";"G";"46.73";221842117
"LV-b";"G";"46.74";60598049
"LV-b";"G";"46.75";29778322
"LV-b";"G";"46.90";52567227
"LV-b";"G";"47.11";3131930660
"LV-b";"G";"47.19";145913079
"LV-b";"G";"47.21";37359727
"LV-b";"G";"47.22";124653324
"LV-b";"G";"47.24";81205498
"LV-b";"G";"47.25";9667861
"LV-b";"G";"47.29";101554484
"LV-b";"G";"47.30";99662125
"LV-b";"G";"47.41";12954578
"LV-b";"G";"47.43";13000789
"LV-b";"G";"47.51";32287320
"LV-b";"G";"47.52";193842820
"LV-b";"G";"47.53";24809933
"LV-b";"G";"47.54";116164146
"LV-b";"G";"47.59";264796032
"LV-b";"G";"47.62";27459111
"LV-b";"G";"47.64";158805742
"LV-b";"G";"47.65";47332505
"LV-b";"G";"47.71";484096445
"LV-b";"G";"47.72";85837379
"LV-b";"G";"47.74";9043749
"LV-b";"G";"47.75";49541252
"LV-b";"G";"47.76";106631442
"LV-b";"G";"47.77";9952685
"LV-b";"G";"47.78";134610866
"LV-b";"G";"47.81";12321477
"LV-b";"G";"47.89";1982004
"LV-b";"G";"47.91";54674946
"LV-b";"H";"49.10";111795029
"LV-b";"H";"49.31";89098560
"LV-b";"H";"49.39";59124010
"LV-b";"H";"49.41";225528926
"LV-b";"H";"49.42";3624663
"LV-b";"H";"49.50";5660075
"LV-b";"H";"50.40";561126
"LV-b";"H";"51.21";452594
"LV-b";"H";"52.10";162738166
"LV-b";"H";"52.21";151610317
"LV-b";"H";"52.22";28415737
"LV-b";"H";"52.23";12964357
"LV-b";"H";"52.24";5580515
"LV-b";"H";"52.29";122830661
"LV-b";"H";"53.10";104349642
"LV-b";"H";"53.20";1753633
"LV-b";"I";"55.10";1326166636
"LV-b";"I";"55.20";205649999
"LV-b";"I";"55.30";398281964
"LV-b";"I";"55.90";166888662
"LV-b";"I";"56.10";2624468393
"LV-b";"I";"56.21";65622987
"LV-b";"I";"56.29";108376424
"LV-b";"I";"56.30";105536053
"LV-b";"J";"58.13";5804189
"LV-b";"J";"58.14";28551977
"LV-b";"J";"59.12";10633688
"LV-b";"J";"59.14";59039271
"LV-b";"J";"60.10";8139245
"LV-b";"J";"61.10";178098145
"LV-b";"J";"61.20";91419743
"LV-b";"J";"61.90";14006488
"LV-b";"J";"62.01";24819657
"LV-b";"J";"62.02";60989375
"LV-b";"J";"63.11";36239546
"LV-b";"J";"63.99";428562
"LV-b";"K";"64.19";301896509
"LV-b";"K";"64.20";280966652
"LV-b";"K";"64.91";3069294
"LV-b";"K";"65.12";83584632
"LV-b";"K";"66.19";29704687
"LV-b";"K";"66.30";37538329
"LV-b";"L";"68.10";40652059
"LV-b";"L";"68.20";1510172986
"LV-b";"L";"68.31";258830711
"LV-b";"L";"68.32";1175761555
"LV-b";"M";"69.10";44383215
"LV-b";"M";"69.20";59496347
"LV-b";"M";"70.10";1057579959
"LV-b";"M";"70.22";92640363
"LV-b";"M";"71.11";8076424
"LV-b";"M";"71.12";157304331
"LV-b";"M";"71.20";64537050
"LV-b";"M";"72.19";54578287
"LV-b";"M";"73.11";22114619
"LV-b";"M";"73.20";3615587
"LV-b";"M";"74.20";4997523
"LV-b";"N";"77.11";10028747
"LV-b";"N";"77.29";25743998
"LV-b";"N";"77.31";11901009
"LV-b";"N";"77.32";15321369
"LV-b";"N";"79.90";9130807
"LV-b";"N";"80.10";16125148
"LV-b";"N";"80.20";3753472
"LV-b";"N";"81.10";117414024
"LV-b";"N";"81.21";8671491
"LV-b";"N";"81.30";7991879
"LV-b";"N";"82.11";19704796
"LV-b";"N";"82.19";39349283
"LV-b";"N";"82.30";19025641
"LV-b";"N";"82.92";40182648
"LV-b";"N";"82.99";195632684
"LV-b";"O";"84.11";4322741694
"LV-b";"O";"84.12";47303159
"LV-b";"O";"84.13";155542963
"LV-b";"O";"84.22";220792
"LV-b";"O";"84.23";9176617
"LV-b";"O";"84.24";2262805
"LV-b";"O";"84.25";83569229
"LV-b";"O";"84.30";71170889
"LV-b";"P";"85.10";15730305
"LV-b";"P";"85.20";75997210
"LV-b";"P";"85.31";665369619
"LV-b";"P";"85.32";177041082
"LV-b";"P";"85.41";3227077
"LV-b";"P";"85.42";131716038
"LV-b";"P";"85.51";31830171
"LV-b";"P";"85.53";3113654
"LV-b";"P";"85.59";119162351
"LV-b";"Q";"86.10";368768261
"LV-b";"Q";"86.21";70424259
"LV-b";"Q";"86.22";32943114
"LV-b";"Q";"86.90";83053920
"LV-b";"Q";"87.10";1030248104
"LV-b";"Q";"87.20";151120775
"LV-b";"Q";"87.30";239307441
"LV-b";"Q";"87.90";128917319
"LV-b";"Q";"88.10";180530524
"LV-b";"Q";"88.99";297173422
"LV-b";"R";"90.01";27922898
"LV-b";"R";"90.03";2509486
"LV-b";"R";"90.04";15793129
"LV-b";"R";"91.04";16008961
"LV-b";"R";"92.00";54302866
"LV-b";"R";"93.11";138646698
"LV-b";"R";"93.12";59722209
"LV-b";"R";"93.13";81890821
"LV-b";"R";"93.19";15520983
"LV-b";"R";"93.21";21219254
"LV-b";"R";"93.29";80282511
"LV-b";"S";"94.11";73297442
"LV-b";"S";"94.12";20501666
"LV-b";"S";"94.20";13423010
"LV-b";"S";"94.91";63594255
"LV-b";"S";"94.99";161175330
"LV-b";"S";"95.22";2199814
"LV-b";"S";"96.01";93339936
"LV-b";"S";"96.03";21932246
"LV-b";"S";"96.04";37310472
"LV-b";"S";"96.09";11820618
"LV-b";"T";"97.00";5254335
"LV-b";"U";"99.00";23219743
"MV";"A";"01.11";293670000
"MV";"A";"01.12";3953000
"MV";"A";"01.13";237376000
"MV";"A";"01.15";250000
"MV";"A";"01.19";23578000
"MV";"A";"01.21";80181000
"MV";"A";"01.24";88362000
"MV";"A";"01.25";937000
"MV";"A";"01.29";70000
"MV";"A";"01.30";19382000
"MV";"A";"01.41";5635000
"MV";"A";"01.42";5089000
"MV";"A";"01.43";4463000
"MV";"A";"01.45";2609000
"MV";"A";"01.46";88570000
"MV";"A";"01.47";166855000
"MV";"A";"01.49";12721000
"MV";"A";"01.5";31556000
"MV";"A";"01.61";51910000
"MV";"A";"01.62";10283000
"MV";"A";"01.64";2659000
"MV";"A";"01.70";346000
"MV";"A";"02.10";3066000
"MV";"A";"02.20";40736000
"MV";"A";"02.30";1286000
"MV";"A";"02.40";1852000
"MV";"A";"03.21";51736000
"MV";"A";"03.22";27577000
"MV";"B";"5/6/7/8";1151714000
"MV";"C";"10.1";2822091000
"MV";"C";"10.20";250147000
"MV";"C";"10.3";898043000
"MV";"C";"10.4";247112000
"MV";"C";"10.5";2860628000
"MV";"C";"10.61";509146000
"MV";"C";"10.62";179891000
"MV";"C";"10.71";1275802000
"MV";"C";"10.81";315627000
"MV";"C";"10.89";435752000
"MV";"C";"10.9";1137194000
"MV";"C";"11.01";102237000
"MV";"C";"11.02";351312000
"MV";"C";"11.05";101198000
"MV";"C";"11.07";786889000
"MV";"C";"32";620290000
"MV";"C";"13.10";160710000
"MV";"C";"13.2/13.3";61858000
"MV";"C";"13.9";362325000
"MV";"C";"14.1";29418000
"MV";"C";"15";117494000
"MV";"C";"16.2";745080600,000024
"MV";"C";"17.11";10338000
"MV";"C";"17.12";724982000
"MV";"C";"17.21";669646000
"MV";"C";"17.22";188710000
"MV";"C";"18.1";673738000
"MV";"D";"35";6138682000
"MV";"C";"20.11";179984000
"MV";"C";"20.12";69225000
"MV";"C";"20.13";317801000
"MV";"C";"20.14";802118000
"MV";"C";"20.15";200919000
"MV";"C";"20.16";287534000
"MV";"C";"20.17";3282000
"MV";"C";"20.20";91640000
"MV";"C";"20.30";178933000
"MV";"C";"20.41";175498000
"MV";"C";"20.42";334430000
"MV";"C";"20.51";59516000
"MV";"C";"20.52";40767000
"MV";"C";"20.53";86061000
"MV";"C";"20.59";481854000
"MV";"C";"20.60";53973000
"MV";"C";"21.10";219355000
"MV";"C";"21.20";1407233000
"MV";"C";"22.1";731214000
"MV";"C";"22.2";4613722000
"MV";"C";"23.11";168472000
"MV";"C";"23.13";963652000
"MV";"C";"23.19";195544000
"MV";"C";"23.9";281546000
"MV";"C";"23.4/23.3";60282000
"MV";"C";"23.5";427036000
"MV";"C";"23.6";561615000
"MV";"C";"24.10";101808000
"MV";"C";"24.20";113194000
"MV";"C";"24.3";131503000
"MV";"C";"24.5";908079000
"MV";"C";"24.42";169221000
"MV";"C";"24.51";384014000
"MV";"C";"24.52";112453000
"MV";"C";"24.53";342574000
"MV";"C";"25.12";75177000
"MV";"C";"25.2";62803000
"MV";"C";"30.2/30.1";76348000
"MV";"C";"25.50";653123000
"MV";"C";"25.61";654027000
"MV";"C";"25.62";824274000
"MV";"C";"25.7";227687000
"MV";"C";"25.92";348303000
"MV";"C";"25.99";306847000
"MV";"C";"26.40";1744000
"MV";"C";"26.5";347365000
"MV";"C";"27.1";302235000
"MV";"C";"27.20";134845000
"MV";"C";"27.3";523182000
"MV";"C";"27.40";126226000
"MV";"C";"27.90";70912000
"MV";"C";"28.4";31644000
"MV";"C";"29.10";350045000
"MV";"C";"29.3";1383766000
"MV";"C";"30.30";960152000
"MV";"C";"31.01";64509000
"MV";"C";"31.03";12423000
"MV";"C";"33.12";40119000
"MV";"C";"33.17/33.16/33.15";7009000
"MV";"E";"36";3064714000
"MV";"E";"38";1311355000
"MV";"F";"41.10";119369000
"MV";"F";"41.20";127111000
"MV";"F";"42.11";94172000
"MV";"F";"42.12";3695000
"MV";"F";"42.13";58149000
"MV";"F";"42.21";12059000
"MV";"F";"42.22";11346000
"MV";"F";"42.91";9699000
"MV";"F";"42.99";227565000
"MV";"F";"43.11";10244000
"MV";"F";"43.12";34271000
"MV";"F";"43.21";38347000
"MV";"F";"43.22";97228000
"MV";"F";"43.29";12403000
"MV";"F";"43.32";65260000
"MV";"F";"43.33";2442000
"MV";"F";"43.34";8220000
"MV";"F";"43.39";1434000
"MV";"F";"43.91";11805000
"MV";"F";"43.99";41116000
"MV";"G";"45.11";150540000
"MV";"G";"45.19";14389000
"MV";"G";"45.20";16539000
"MV";"G";"45.31";32519000
"MV";"G";"45.32";12479000
"MV";"G";"45.40";3471000
"MV";"G";"46.11";5755000
"MV";"G";"46.12";164133000
"MV";"G";"46.13";1451000
"MV";"G";"46.14";1173000
"MV";"G";"46.15";455000
"MV";"G";"46.16";391000
"MV";"G";"46.17";194617000
"MV";"G";"46.18";23751000
"MV";"G";"46.19";22380000
"MV";"G";"46.21";649536000
"MV";"G";"46.22";4049000
"MV";"G";"46.23";25160000
"MV";"G";"46.24";2646000
"MV";"G";"46.31";446682000
"MV";"G";"46.32";90574000
"MV";"G";"46.33";174473000
"MV";"G";"46.34";150798000
"MV";"G";"46.35";5538000
"MV";"G";"46.36";12471000
"MV";"G";"46.37";812000
"MV";"G";"46.38";177749000
"MV";"G";"46.39";378672000
"MV";"G";"46.41";12799000
"MV";"G";"46.42";14240000
"MV";"G";"46.43";17670000
"MV";"G";"46.44";6444000
"MV";"G";"46.45";25006000
"MV";"G";"46.46";101514000
"MV";"G";"46.47";3486000
"MV";"G";"46.49";67872000
"MV";"G";"46.51";19053000
"MV";"G";"46.52";25752000
"MV";"G";"46.61";32716000
"MV";"G";"46.62";10475000
"MV";"G";"46.63";10248000
"MV";"G";"46.65";5567000
"MV";"G";"46.66";4946000
"MV";"G";"46.69";312198000
"MV";"G";"46.71";32982000
"MV";"G";"46.72";72005000
"MV";"G";"46.73";170783000
"MV";"G";"46.74";30487000
"MV";"G";"46.75";154789000
"MV";"G";"46.76";25672000
"MV";"G";"46.77";3985000
"MV";"G";"46.90";33631000
"MV";"G";"47.11";5819026000
"MV";"G";"47.19";254007000
"MV";"G";"47.21";10002000
"MV";"G";"47.22";18454000
"MV";"G";"47.23";471000
"MV";"G";"47.24";2306000
"MV";"G";"47.25";2294000
"MV";"G";"47.26";0
"MV";"G";"47.29";21775000
"MV";"G";"47.30";59676000
"MV";"G";"47.41";37011000
"MV";"G";"47.42";16870000
"MV";"G";"47.43";1571000
"MV";"G";"47.51";2460000
"MV";"G";"47.52";372372000
"MV";"G";"47.53";722000
"MV";"G";"47.54";40565000
"MV";"G";"47.59";232871000
"MV";"G";"47.61";6778000
"MV";"G";"47.62";8621000
"MV";"G";"47.63";0
"MV";"G";"47.64";81547000
"MV";"G";"47.65";4983000
"MV";"G";"47.71";84617000
"MV";"G";"47.72";1327000
"MV";"G";"47.73";42000
"MV";"G";"47.74";2708000
"MV";"G";"47.75";19833000
"MV";"G";"47.76";17017000
"MV";"G";"47.77";5226000
"MV";"G";"47.78";45591000
"MV";"G";"47.79";274000
"MV";"G";"47.81";1701000
"MV";"G";"47.89";119000
"MV";"G";"47.91";36505000
"MV";"G";"47.99";10626000
"MV";"H";"49.10";555340000
"MV";"H";"49.20";1943000
"MV";"H";"49.31";891744000
"MV";"H";"49.32";170000
"MV";"H";"49.39";361086000
"MV";"H";"49.41";290731000
"MV";"H";"49.42";2490000
"MV";"H";"49.50";255715000
"MV";"H";"50.10";474000
"MV";"H";"50.20";14022000
"MV";"H";"50.30";5352000
"MV";"H";"50.40";157000
"MV";"H";"51.10";196586000
"MV";"H";"52.10";1223046000
"MV";"H";"52.21";477016000
"MV";"H";"52.22";138122000
"MV";"H";"52.23";247795000
"MV";"H";"52.24";120766000
"MV";"H";"52.29";277804000
"MV";"H";"53.10";194289000
"MV";"H";"53.20";2586000
"MV";"I";"55.10";1173458000
"MV";"I";"55.20";350283000
"MV";"I";"55.30";328060000
"MV";"I";"55.90";64464000
"MV";"I";"56.10";190661000
"MV";"I";"56.21";25648000
"MV";"I";"56.29";159087000
"MV";"I";"56.30";2818000
"MV";"J";"58.11";12494000
"MV";"J";"58.12";0
"MV";"J";"58.13";59936000
"MV";"J";"58.14";11450000
"MV";"J";"58.19";2543000
"MV";"J";"58.21";7289000
"MV";"J";"58.29";35873000
"MV";"J";"59.11";7537000
"MV";"J";"59.12";23525000
"MV";"J";"59.13";2605000
"MV";"J";"59.14";203596000
"MV";"J";"59.20";1892000
"MV";"J";"60.10";29107000
"MV";"J";"60.20";77838000
"MV";"J";"61.10";1131488000
"MV";"J";"61.20";338138000
"MV";"J";"61.30";33587000
"MV";"J";"61.90";254839000
"MV";"J";"62.01";20614000
"MV";"J";"62.02";368719000
"MV";"J";"62.03";81450000
"MV";"J";"62.09";25232000
"MV";"J";"63.11";568899000
"MV";"J";"63.12";4657000
"MV";"J";"63.91";7104000
"MV";"J";"63.99";2079000
"MV";"K";"64.11";36193000
"MV";"K";"64.19";535884000
"MV";"K";"64.20";686878000
"MV";"K";"64.30";82399600,000024
"MV";"K";"64.91";2751000
"MV";"K";"64.92";43378000
"MV";"K";"64.99";4539000
"MV";"K";"65.11";39859000
"MV";"K";"65.12";124635000
"MV";"K";"65.20";13519000
"MV";"K";"65.30";0
"MV";"K";"66.11";50071000
"MV";"K";"66.12";2099000
"MV";"K";"66.19";22209000
"MV";"K";"66.22";16963000
"MV";"K";"66.29";6860000
"MV";"K";"66.30";233112000
"MV";"L";"68.10";74182000
"MV";"L";"68.20";1611261000
"MV";"L";"68.31";133977000
"MV";"L";"68.32";1226251000
"MV";"M";"69.10";14849000
"MV";"M";"69.20";11868000
"MV";"M";"70.10";2018274000
"MV";"M";"70.22";171074000
"MV";"M";"71.11";171000
"MV";"M";"71.12";355795000
"MV";"M";"71.20";187546000
"MV";"M";"72.11";81105000
"MV";"M";"72.19";1076554000
"MV";"M";"72.20";18869000
"MV";"M";"73.11";29920000
"MV";"M";"73.12";36895000
"MV";"M";"73.20";3915000
"MV";"M";"74.10";4584000
"MV";"M";"74.20";4678000
"MV";"M";"74.30";281000
"MV";"M";"74.90";41926000
"MV";"N";"77.11";3652000
"MV";"N";"77.12";2924000
"MV";"N";"77.29";80599000
"MV";"N";"77.31";8130000
"MV";"N";"77.32";8069000
"MV";"N";"77.39";15878000
"MV";"N";"77.40";4086000
"MV";"N";"78.10";0
"MV";"N";"78.30";11803000
"MV";"N";"79.11";23752000
"MV";"N";"79.90";9980000
"MV";"N";"80.10";2546000
"MV";"N";"80.20";1127000
"MV";"N";"81.10";98398000
"MV";"N";"81.21";2379000
"MV";"N";"81.22";6141000
"MV";"N";"81.29";8799000
"MV";"N";"81.30";4364000
"MV";"N";"82.11";34383000
"MV";"N";"82.19";42045000
"MV";"N";"82.20";15873000
"MV";"N";"82.30";114459000
"MV";"N";"82.91";1748000
"MV";"N";"82.92";129767000
"MV";"N";"82.99";387345000
"MV";"O";"84.11";4195617000
"MV";"O";"84.12";122981000
"MV";"O";"84.13";252764000
"MV";"O";"84.21";3249000
"MV";"O";"84.22";548284000
"MV";"O";"84.23";233562000
"MV";"O";"84.24";76020000
"MV";"O";"84.25";34604000
"MV";"O";"84.30";246877000
"MV";"P";"85.10";1021000
"MV";"P";"85.20";11614000
"MV";"P";"85.31";655314000
"MV";"P";"85.32";379335000
"MV";"P";"85.41";38563000
"MV";"P";"85.42";1154852000
"MV";"P";"85.51";23032000
"MV";"P";"85.52";4780000
"MV";"P";"85.53";2364000
"MV";"P";"85.59";141841000
"MV";"P";"85.60";2134000
"MV";"Q";"86.10";5018685000
"MV";"Q";"86.21";26741000
"MV";"Q";"86.22";12988000
"MV";"Q";"86.23";81000
"MV";"Q";"86.90";62228000
"MV";"Q";"87.10";413202000
"MV";"Q";"87.20";50470000
"MV";"Q";"87.30";63369000
"MV";"Q";"87.90";34006000
"MV";"Q";"88.10";70855000
"MV";"Q";"88.91";9664000
"MV";"Q";"88.99";205718000
"MV";"R";"90.01";69922000
"MV";"R";"90.02";15443000
"MV";"R";"90.03";2813000
"MV";"R";"90.04";66174000
"MV";"R";"91.01";57157000
"MV";"R";"91.02";67626000
"MV";"R";"91.03";154454000
"MV";"R";"91.04";33649000
"MV";"R";"92.00";136847000
"MV";"R";"93.11";257611000
"MV";"R";"93.12";84503000
"MV";"R";"93.13";6265000
"MV";"R";"93.19";31600000
"MV";"R";"93.21";272414000
"MV";"R";"93.29";64866000
"MV";"S";"94.11";173267000
"MV";"S";"94.12";31486000
"MV";"S";"94.20";31596000
"MV";"S";"94.91";25335000
"MV";"S";"94.92";0
"MV";"S";"94.99";157320000
"MV";"S";"95.11";2014000
"MV";"S";"95.12";2065000
"MV";"S";"95.21";1216000
"MV";"S";"95.22";13947000
"MV";"S";"95.23";0
"MV";"S";"95.24";6779000
"MV";"S";"95.29";8032000
"MV";"S";"96.01";66419000
"MV";"S";"96.02";3259000
"MV";"S";"96.03";7271000
"MV";"S";"96.04";110398000
"MV";"S";"96.09";2918000
"MV";"T";"97.00";2398000
"MV";"T";"98.20";6946000
"MV";"U";"99.00";46444000
